{"cameraMode":{"drawMode":0,"name":"Shaded","section":"Shading Mode"},"sceneLighting":true,"audioPlay":false,"sceneViewState":{"m_AlwaysRefresh":false,"showFog":true,"showSkybox":true,"showFlares":true,"showImageEffects":true,"showParticleSystems":true,"showVisualEffectGraphs":true,"m_FxEnabled":true},"in2DMode":false,"pivot":{"x":-0.2138621211051941,"y":1.3724828958511353,"z":-2.068002700805664},"rotation":{"x":-0.4027792811393738,"y":-0.01894775778055191,"z":0.008347786962985993,"w":-0.9151557683944702},"size":0.20283003151416779,"orthographic":false}